seconds,unix_ms,sample_end_unix_ms,pid,main_present,vram_mib,rss_mib,fds,threads,gpu_error
-0.029,1789052767515,1789052767622,1167281,False,,,,,
0.471,1789052768015,1789052768112,1167281,True,59,178.398,71,19,
0.971,1789052768515,1789052768608,1167281,True,59,178.703,71,17,
1.471,1789052769015,1789052769107,1167281,True,59,178.703,71,17,
1.971,1789052769515,1789052769609,1167281,True,59,178.453,71,17,
2.471,1789052770015,1789052770108,1167281,True,59,178.453,71,17,
2.971,1789052770515,1789052770608,1167281,True,59,178.453,71,17,
3.471,1789052771015,1789052771111,1167281,True,59,178.453,71,17,
3.971,1789052771515,1789052771608,1167281,True,59,178.453,71,17,
4.471,1789052772015,1789052772122,1167281,True,59,178.453,71,17,
4.971,1789052772515,1789052772623,1167281,True,60,183.836,71,51,
5.471,1789052773015,1789052773120,1167281,True,60,183.469,71,45,
5.972,1789052773516,1789052773622,1167281,True,60,183.809,71,45,
6.472,1789052774016,1789052774121,1167281,True,60,183.809,71,45,
6.972,1789052774516,1789052774621,1167281,True,60,183.809,71,45,
7.472,1789052775016,1789052775122,1167281,True,71,208.031,84,46,
7.972,1789052775516,1789052775607,1167281,True,608,412.438,143,55,
8.472,1789052776016,1789052776109,1167281,True,608,411.922,144,55,
8.972,1789052776516,1789052776607,1167281,True,608,415.594,143,54,
9.472,1789052777016,1789052777111,1167281,True,608,415.594,143,54,
9.972,1789052777516,1789052777609,1167281,True,608,412.945,143,54,
10.472,1789052778016,1789052778109,1167281,True,608,413.023,143,54,
10.972,1789052778516,1789052778609,1167281,True,608,413.023,143,54,
11.472,1789052779016,1789052779112,1167281,True,593,413.023,143,54,
11.972,1789052779516,1789052779609,1167281,True,75,338.426,111,49,
12.472,1789052780016,1789052780111,1167281,True,613,451.098,152,57,
12.972,1789052780516,1789052780610,1167281,True,613,453.84,152,57,
13.472,1789052781016,1789052781110,1167281,True,613,451.191,152,57,
13.972,1789052781516,1789052781608,1167281,True,613,451.191,152,57,
14.473,1789052782017,1789052782111,1167281,True,613,453.84,152,57,
14.973,1789052782517,1789052782609,1167281,True,613,453.84,152,57,
15.473,1789052783017,1789052783108,1167281,True,613,453.84,152,57,
15.973,1789052783517,1789052783609,1167281,True,613,448.555,152,57,
16.473,1789052784017,1789052784112,1167281,True,613,453.883,152,57,
16.973,1789052784517,1789052784609,1167281,True,613,451.109,152,57,
17.473,1789052785017,1789052785108,1167281,True,79,374.887,120,52,
17.973,1789052785517,1789052785608,1167281,True,79,374.887,120,52,
18.473,1789052786017,1789052786111,1167281,True,617,491.434,161,60,
18.973,1789052786517,1789052786610,1167281,True,617,488.879,161,60,
19.473,1789052787017,1789052787111,1167281,True,617,491.527,161,60,
19.973,1789052787517,1789052787610,1167281,True,617,490.879,161,60,
20.473,1789052788017,1789052788109,1167281,True,617,493.32,161,49,
20.973,1789052788517,1789052788611,1167281,True,617,493.395,161,49,
21.473,1789052789017,1789052789110,1167281,True,617,490.777,161,49,
21.973,1789052789517,1789052789611,1167281,True,617,493.426,161,49,
22.474,1789052790018,1789052790109,1167281,True,617,490.777,161,49,
22.974,1789052790518,1789052790611,1167281,True,84,417.133,129,43,
23.474,1789052791018,1789052791121,1167281,True,88,417.133,129,43,
23.974,1789052791518,1789052791610,1167281,True,622,531.152,170,51,
24.474,1789052792018,1789052792111,1167281,True,622,527.473,170,51,
24.974,1789052792518,1789052792610,1167281,True,622,527.473,170,51,
25.474,1789052793018,1789052793112,1167281,True,622,522.176,172,51,
25.974,1789052793518,1789052793613,1167281,True,622,530.121,170,51,
26.474,1789052794018,1789052794112,1167281,True,88,451.266,138,46,
26.974,1789052794518,1789052794610,1167281,True,88,451.266,138,46,
27.474,1789052795018,1789052795111,1167281,True,88,451.266,138,46,
27.974,1789052795518,1789052795613,1167281,True,88,451.383,138,59,
28.474,1789052796018,1789052796122,1167281,True,88,451.383,138,58,
28.974,1789052796518,1789052796625,1167281,True,88,451.383,138,58,
29.474,1789052797018,1789052797126,1167281,True,88,451.391,138,58,
29.975,1789052797519,1789052797625,1167281,True,88,456.055,138,60,
30.475,1789052798019,1789052798146,1167281,True,88,452.441,138,60,
30.975,1789052798519,1789052798685,1167281,True,88,454.238,138,59,
31.475,1789052799019,1789052799179,1167281,True,88,454.238,138,58,
31.975,1789052799519,1789052799689,1167281,True,88,458.746,138,59,
32.475,1789052800019,1789052800167,1167281,True,88,455.426,138,59,
32.975,1789052800519,1789052800655,1167281,True,88,458.715,138,59,
33.475,1789052801019,1789052801148,1167281,True,88,458.715,138,58,
33.975,1789052801519,1789052801641,1167281,True,88,458.715,138,58,
34.475,1789052802019,1789052802271,1167281,True,88,457.086,138,59,
34.975,1789052802519,1789052802619,1167281,True,88,458.715,138,59,
35.475,1789052803019,1789052803117,1167281,True,88,459.086,138,59,
35.975,1789052803519,1789052803619,1167281,True,88,457.426,138,59,
36.475,1789052804019,1789052804126,1167281,True,88,457.41,138,58,
36.975,1789052804519,1789052804624,1167281,True,88,457.41,138,58,
37.475,1789052805019,1789052805127,1167281,True,88,460.703,138,59,
37.976,1789052805520,1789052805627,1167281,True,88,460.703,135,58,
38.476,1789052806020,1789052806123,1167281,True,88,460.703,135,57,
38.976,1789052806520,1789052806625,1167281,True,88,455.785,135,57,
39.476,1789052807020,1789052807127,1167281,True,88,455.785,135,57,
39.976,1789052807520,1789052807629,1167281,True,88,455.801,137,58,
40.476,1789052808020,1789052808129,1167281,True,88,455.801,137,58,
40.976,1789052808520,1789052808630,1167281,True,88,455.801,137,58,
41.476,1789052809020,1789052809130,1167281,True,88,455.801,137,58,
41.976,1789052809520,1789052809631,1167281,True,88,455.801,137,58,
42.476,1789052810020,1789052810177,1167281,True,88,455.801,137,58,
42.976,1789052810520,1789052810684,1167281,True,88,455.801,137,58,
43.476,1789052811020,1789052811175,1167281,True,88,455.801,137,58,
43.976,1789052811520,1789052811617,1167281,True,662,614.301,183,69,
44.476,1789052812020,1789052812117,1167281,True,662,622.125,183,67,
44.976,1789052812520,1789052812615,1167281,True,662,622.191,183,67,
45.477,1789052813021,1789052813113,1167281,True,97,525.965,147,61,
45.977,1789052813521,1789052813623,1167281,True,627,611.234,189,69,
46.477,1789052814021,1789052814115,1167281,True,667,663.305,192,70,
46.977,1789052814521,1789052814616,1167281,True,667,663.18,192,70,
47.477,1789052815021,1789052815121,1167281,True,134,577.199,172,68,
47.977,1789052815521,1789052815621,1167281,True,671,711.43,201,73,
48.477,1789052816021,1789052816116,1167281,True,671,711.305,201,73,
48.977,1789052816521,1789052816613,1167281,True,671,713.305,201,73,
49.477,1789052817021,1789052817113,1167281,True,106,622.223,165,67,
49.977,1789052817521,1789052817631,1167281,True,132,625.523,176,71,
50.477,1789052818021,1789052818114,1167281,True,676,758.371,210,76,
50.977,1789052818521,1789052818615,1167281,True,676,758.371,210,76,
51.477,1789052819021,1789052819116,1167281,True,110,667.758,174,70,
51.977,1789052819521,1789052819618,1167281,True,110,667.758,174,70,
52.477,1789052820021,1789052820119,1167281,True,680,772.992,219,79,
52.978,1789052820522,1789052820616,1167281,True,680,760.367,219,79,
53.478,1789052821022,1789052821116,1167281,True,680,772.867,219,79,
53.978,1789052821522,1789052821616,1167281,True,680,766.617,219,79,
54.478,1789052822022,1789052822118,1167281,True,680,772.867,219,79,
54.978,1789052822522,1789052822614,1167281,True,680,760.379,219,79,
55.478,1789052823022,1789052823130,1167281,True,114,743.035,189,74,
55.978,1789052823522,1789052823616,1167281,True,114,681.504,183,73,
56.478,1789052824022,1789052824115,1167281,True,114,681.504,183,73,
56.978,1789052824522,1789052824614,1167281,True,114,681.504,183,73,
57.478,1789052825022,1789052825127,1167281,True,114,681.504,183,73,
57.978,1789052825522,1789052825629,1167281,True,114,681.504,183,73,
58.478,1789052826022,1789052826129,1167281,True,114,681.504,183,73,
58.978,1789052826522,1789052826640,1167281,True,114,681.504,183,73,
59.478,1789052827022,1789052827142,1167281,True,114,681.504,183,73,
59.978,1789052827522,1789052827654,1167281,True,114,675.254,183,73,
60.479,1789052828023,1789052828151,1167281,True,114,675.254,183,73,
60.979,1789052828523,1789052828646,1167281,True,114,675.254,183,73,
61.479,1789052829023,1789052829145,1167281,True,114,675.254,183,73,
61.979,1789052829523,1789052829644,1167281,True,114,675.254,183,73,
62.479,1789052830023,1789052830145,1167281,True,114,675.254,183,73,
62.979,1789052830523,1789052830662,1167281,True,114,679.098,183,74,
63.479,1789052831023,1789052831145,1167281,True,114,679.07,183,73,
63.979,1789052831523,1789052831714,1167281,True,114,680.383,183,73,
64.479,1789052832023,1789052832140,1167281,True,114,680.383,183,73,
64.979,1789052832523,1789052832654,1167281,True,114,682.043,183,74,
65.479,1789052833023,1789052833287,1167281,True,114,685.301,183,74,
65.979,1789052833523,1789052833620,1167281,True,114,678.723,183,73,
66.479,1789052834023,1789052834123,1167281,True,114,681.98,183,74,
66.979,1789052834523,1789052834621,1167281,True,114,682.02,183,74,
67.479,1789052835023,1789052835124,1167281,True,114,678.73,183,74,
67.98,1789052835524,1789052835628,1167281,True,114,682.02,183,74,
68.48,1789052836024,1789052836130,1167281,True,114,682.016,183,73,
68.98,1789052836524,1789052836629,1167281,True,114,682.016,183,73,
69.48,1789052837024,1789052837129,1167281,True,114,682.016,183,73,
69.98,1789052837524,1789052837631,1167281,True,114,682.016,183,73,
70.48,1789052838024,1789052838131,1167281,True,114,682.016,183,73,
70.98,1789052838524,1789052838629,1167281,True,114,682.016,183,73,
71.48,1789052839024,1789052839130,1167281,True,114,682.016,183,73,
71.98,1789052839524,1789052839630,1167281,True,114,682.016,183,73,
72.48,1789052840024,1789052840145,1167281,True,114,682.016,183,73,
72.98,1789052840524,1789052840645,1167281,True,114,682.016,183,73,
73.48,1789052841024,1789052841145,1167281,True,114,682.016,183,73,
73.98,1789052841524,1789052841645,1167281,True,114,682.016,180,72,
74.48,1789052842024,1789052842145,1167281,True,114,682.016,180,72,
74.98,1789052842524,1789052842643,1167281,True,114,682.016,180,72,
75.481,1789052843025,1789052843158,1167281,True,114,682.016,180,72,
75.981,1789052843525,1789052843822,1167281,True,,678.098,152,72,
76.481,1789052844025,1789052844116,1167281,False,,,,,
76.981,1789052844525,1789052844616,1167281,False,,,,,
77.481,1789052845025,1789052845117,1167281,False,,,,,
77.981,1789052845525,1789052845630,1167281,False,,,,,
78.481,1789052846025,1789052846132,1167281,False,,,,,
78.981,1789052846525,1789052846631,1167281,False,,,,,
79.481,1789052847025,1789052847131,1167281,False,,,,,
79.981,1789052847525,1789052847630,1167281,False,,,,,
80.481,1789052848025,1789052848132,1167281,False,,,,,
80.981,1789052848525,1789052848634,1167281,False,,,,,
